{
  "annotations":{
    "list":[
      {
        "builtIn":1,
        "datasource":"-- Grafana --",
        "enable":true,
        "hide":true,
        "iconColor":"rgba(0, 211, 255, 1)",
        "name":"Annotations & Alerts",
        "type":"dashboard"
      }
    ]
  },
  "description":"All the service metrics Dashboard",
  "editable":true,
  "gnetId":10280,
  "graphTooltip":0,
  "id":1,
  "iteration":1570519112090,
  "links":[

  ],
  "panels":[
    {
      "collapsed":false,
      "gridPos":{
        "h":1,
        "w":24,
        "x":0,
        "y":0
      },
      "id":54,
      "panels":[

      ],
      "title":"Basic Statistics",
      "type":"row"
    },
    {
      "cacheTimeout":null,
      "colorBackground":false,
      "colorValue":true,
      "colors":[
        "rgba(245, 54, 54, 0.9)",
        "#5195ce",
        "rgba(50, 172, 45, 0.97)"
      ],
      "datasource":"Prometheus",
      "decimals":1,
      "editable":true,
      "error":false,
      "format":"s",
      "gauge":{
        "maxValue":100,
        "minValue":0,
        "show":false,
        "thresholdLabels":false,
        "thresholdMarkers":true
      },
      "gridPos":{
        "h":3,
        "w":6,
        "x":0,
        "y":1
      },
      "height":"",
      "id":52,
      "interval":null,
      "links":[

      ],
      "mappingType":1,
      "mappingTypes":[
        {
          "name":"value to text",
          "value":1
        },
        {
          "name":"range to text",
          "value":2
        }
      ],
      "maxDataPoints":100,
      "nullPointMode":"connected",
      "nullText":null,
      "options":{

      },
      "postfix":"",
      "postfixFontSize":"50%",
      "prefix":"",
      "prefixFontSize":"70%",
      "rangeMaps":[
        {
          "from":"null",
          "text":"N/A",
          "to":"null"
        }
      ],
      "sparkline":{
        "fillColor":"rgba(31, 118, 189, 0.18)",
        "full":false,
        "lineColor":"rgb(31, 120, 193)",
        "show":false
      },
      "tableColumn":"",
      "targets":[
        {
          "expr":"process_uptime_seconds{application=\"$application\", instance=\"$instance\"}",
          "format":"time_series",
          "intervalFactor":2,
          "legendFormat":"",
          "metric":"",
          "refId":"A",
          "step":14400
        }
      ],
      "thresholds":"",
      "title":"Uptime",
      "type":"singlestat",
      "valueFontSize":"80%",
      "valueMaps":[
        {
          "op":"=",
          "text":"N/A",
          "value":"null"
        }
      ],
      "valueName":"current"
    },
    {
      "cacheTimeout":null,
      "colorBackground":false,
      "colorValue":true,
      "colors":[
        "rgba(50, 172, 45, 0.97)",
        "rgba(237, 129, 40, 0.89)",
        "rgba(245, 54, 54, 0.9)"
      ],
      "datasource":"Prometheus",
      "decimals":1,
      "editable":true,
      "error":false,
      "format":"percent",
      "gauge":{
        "maxValue":100,
        "minValue":0,
        "show":true,
        "thresholdLabels":false,
        "thresholdMarkers":true
      },
      "gridPos":{
        "h":6,
        "w":5,
        "x":6,
        "y":1
      },
      "id":58,
      "interval":null,
      "links":[

      ],
      "mappingType":1,
      "mappingTypes":[
        {
          "name":"value to text",
          "value":1
        },
        {
          "name":"range to text",
          "value":2
        }
      ],
      "maxDataPoints":100,
      "nullPointMode":"connected",
      "nullText":null,
      "options":{

      },
      "postfix":"",
      "postfixFontSize":"50%",
      "prefix":"",
      "prefixFontSize":"70%",
      "rangeMaps":[
        {
          "from":"null",
          "text":"N/A",
          "to":"null"
        }
      ],
      "sparkline":{
        "fillColor":"rgba(31, 118, 189, 0.18)",
        "full":false,
        "lineColor":"rgb(31, 120, 193)",
        "show":false
      },
      "tableColumn":"",
      "targets":[
        {
          "expr":"sum(jvm_memory_used_bytes{application=\"$application\", instance=\"$instance\", area=\"heap\"})*100/sum(jvm_memory_max_bytes{application=\"$application\",instance=\"$instance\", area=\"heap\"})",
          "format":"time_series",
          "intervalFactor":1,
          "legendFormat":"",
          "refId":"A",
          "step":14400
        }
      ],
      "thresholds":"70,90",
      "title":"Heap Used",
      "type":"singlestat",
      "valueFontSize":"70%",
      "valueMaps":[
        {
          "op":"=",
          "text":"N/A",
          "value":"null"
        }
      ],
      "valueName":"current"
    },
    {
      "cacheTimeout":null,
      "colorBackground":false,
      "colorValue":true,
      "colors":[
        "rgba(50, 172, 45, 0.97)",
        "rgba(237, 129, 40, 0.89)",
        "rgba(245, 54, 54, 0.9)"
      ],
      "datasource":"Prometheus",
      "decimals":1,
      "editable":true,
      "error":false,
      "format":"percent",
      "gauge":{
        "maxValue":100,
        "minValue":0,
        "show":true,
        "thresholdLabels":false,
        "thresholdMarkers":true
      },
      "gridPos":{
        "h":6,
        "w":5,
        "x":11,
        "y":1
      },
      "id":60,
      "interval":null,
      "links":[

      ],
      "mappingType":2,
      "mappingTypes":[
        {
          "name":"value to text",
          "value":1
        },
        {
          "name":"range to text",
          "value":2
        }
      ],
      "maxDataPoints":100,
      "nullPointMode":"connected",
      "nullText":null,
      "options":{

      },
      "postfix":"",
      "postfixFontSize":"50%",
      "prefix":"",
      "prefixFontSize":"70%",
      "rangeMaps":[
        {
          "from":"null",
          "text":"N/A",
          "to":"null"
        },
        {
          "from":"-99999999999999999999999999999999",
          "text":"N/A",
          "to":"0"
        }
      ],
      "sparkline":{
        "fillColor":"rgba(31, 118, 189, 0.18)",
        "full":false,
        "lineColor":"rgb(31, 120, 193)",
        "show":false
      },
      "tableColumn":"",
      "targets":[
        {
          "expr":"sum(jvm_memory_used_bytes{application=\"$application\", instance=\"$instance\", area=\"nonheap\"})*100/sum(jvm_memory_max_bytes{application=\"$application\",instance=\"$instance\", area=\"nonheap\"})",
          "format":"time_series",
          "intervalFactor":2,
          "legendFormat":"",
          "refId":"A",
          "step":14400
        }
      ],
      "thresholds":"70,90",
      "title":"Non-Heap Used",
      "type":"singlestat",
      "valueFontSize":"70%",
      "valueMaps":[
        {
          "op":"=",
          "text":"N/A",
          "value":"null"
        },
        {
          "op":"=",
          "text":"x",
          "value":""
        }
      ],
      "valueName":"current"
    },
    {
      "aliasColors":{

      },
      "bars":false,
      "dashLength":10,
      "dashes":false,
      "datasource":"Prometheus",
      "fill":1,
      "fillGradient":0,
      "gridPos":{
        "h":6,
        "w":8,
        "x":16,
        "y":1
      },
      "id":66,
      "legend":{
        "avg":false,
        "current":false,
        "max":false,
        "min":false,
        "show":true,
        "total":false,
        "values":false
      },
      "lines":true,
      "linewidth":1,
      "links":[

      ],
      "nullPointMode":"null",
      "options":{
        "dataLinks":[

        ]
      },
      "percentage":false,
      "pointradius":5,
      "points":false,
      "renderer":"flot",
      "seriesOverrides":[

      ],
      "spaceLength":10,
      "stack":false,
      "steppedLine":false,
      "targets":[
        {
          "expr":"process_files_open_files{application=\"$application\", instance=\"$instance\"}",
          "format":"time_series",
          "intervalFactor":1,
          "legendFormat":"Open Files",
          "refId":"A"
        },
        {
          "expr":"process_files_max_files{application=\"$application\", instance=\"$instance\"}",
          "format":"time_series",
          "intervalFactor":1,
          "legendFormat":"Max Files",
          "refId":"B"
        }
      ],
      "thresholds":[

      ],
      "timeFrom":null,
      "timeRegions":[

      ],
      "timeShift":null,
      "title":"Process Open Files",
      "tooltip":{
        "shared":true,
        "sort":0,
        "value_type":"individual"
      },
      "type":"graph",
      "xaxis":{
        "buckets":null,
        "mode":"time",
        "name":null,
        "show":true,
        "values":[

        ]
      },
      "yaxes":[
        {
          "format":"locale",
          "label":null,
          "logBase":1,
          "max":null,
          "min":null,
          "show":true
        },
        {
          "format":"short",
          "label":null,
          "logBase":1,
          "max":null,
          "min":null,
          "show":true
        }
      ],
      "yaxis":{
        "align":false,
        "alignLevel":null
      }
    },
    {
      "cacheTimeout":null,
      "colorBackground":false,
      "colorValue":true,
      "colors":[
        "rgba(245, 54, 54, 0.9)",
        "#5195ce",
        "rgba(50, 172, 45, 0.97)"
      ],
      "datasource":"Prometheus",
      "decimals":null,
      "editable":true,
      "error":false,
      "format":"dateTimeAsIso",
      "gauge":{
        "maxValue":100,
        "minValue":0,
        "show":false,
        "thresholdLabels":false,
        "thresholdMarkers":true
      },
      "gridPos":{
        "h":3,
        "w":6,
        "x":0,
        "y":4
      },
      "height":"",
      "id":56,
      "interval":null,
      "links":[

      ],
      "mappingType":1,
      "mappingTypes":[
        {
          "name":"value to text",
          "value":1
        },
        {
          "name":"range to text",
          "value":2
        }
      ],
      "maxDataPoints":100,
      "nullPointMode":"connected",
      "nullText":null,
      "options":{

      },
      "postfix":"",
      "postfixFontSize":"50%",
      "prefix":"",
      "prefixFontSize":"70%",
      "rangeMaps":[
        {
          "from":"null",
          "text":"N/A",
          "to":"null"
        }
      ],
      "sparkline":{
        "fillColor":"rgba(31, 118, 189, 0.18)",
        "full":false,
        "lineColor":"rgb(31, 120, 193)",
        "show":false
      },
      "tableColumn":"",
      "targets":[
        {
          "expr":"process_start_time_seconds{application=\"$application\", instance=\"$instance\"}*1000",
          "format":"time_series",
          "intervalFactor":2,
          "legendFormat":"",
          "metric":"",
          "refId":"A",
          "step":14400
        }
      ],
      "thresholds":"",
      "title":"Start time",
      "type":"singlestat",
      "valueFontSize":"70%",
      "valueMaps":[
        {
          "op":"=",
          "text":"N/A",
          "value":"null"
        }
      ],
      "valueName":"current"
    },
    {
      "aliasColors":{

      },
      "bars":false,
      "dashLength":10,
      "dashes":false,
      "datasource":"Prometheus",
      "fill":1,
      "fillGradient":0,
      "gridPos":{
        "h":7,
        "w":12,
        "x":0,
        "y":7
      },
      "id":95,
      "legend":{
        "alignAsTable":true,
        "avg":true,
        "current":true,
        "max":true,
        "min":true,
        "show":true,
        "total":false,
        "values":true
      },
      "lines":true,
      "linewidth":1,
      "links":[

      ],
      "nullPointMode":"null",
      "options":{
        "dataLinks":[

        ]
      },
      "percentage":false,
      "pointradius":5,
      "points":false,
      "renderer":"flot",
      "seriesOverrides":[

      ],
      "spaceLength":10,
      "stack":false,
      "steppedLine":false,
      "targets":[
        {
          "expr":"system_cpu_usage{instance=\"$instance\", application=\"$application\"}",
          "format":"time_series",
          "intervalFactor":1,
          "legendFormat":"System CPU Usage",
          "refId":"A"
        },
        {
          "expr":"process_cpu_usage{instance=\"$instance\", application=\"$application\"}",
          "format":"time_series",
          "intervalFactor":1,
          "legendFormat":"Process CPU Usage",
          "refId":"B"
        }
      ],
      "thresholds":[

      ],
      "timeFrom":null,
      "timeRegions":[

      ],
      "timeShift":null,
      "title":"CPU Usage",
      "tooltip":{
        "shared":true,
        "sort":0,
        "value_type":"individual"
      },
      "type":"graph",
      "xaxis":{
        "buckets":null,
        "mode":"time",
        "name":null,
        "show":true,
        "values":[

        ]
      },
      "yaxes":[
        {
          "format":"short",
          "label":null,
          "logBase":1,
          "max":null,
          "min":null,
          "show":true
        },
        {
          "format":"short",
          "label":null,
          "logBase":1,
          "max":null,
          "min":null,
          "show":true
        }
      ],
      "yaxis":{
        "align":false,
        "alignLevel":null
      }
    },
    {
      "aliasColors":{

      },
      "bars":false,
      "dashLength":10,
      "dashes":false,
      "datasource":"Prometheus",
      "fill":1,
      "fillGradient":0,
      "gridPos":{
        "h":7,
        "w":12,
        "x":12,
        "y":7
      },
      "id":96,
      "legend":{
        "alignAsTable":true,
        "avg":true,
        "current":true,
        "max":true,
        "min":true,
        "show":true,
        "total":false,
        "values":true
      },
      "lines":true,
      "linewidth":1,
      "links":[

      ],
      "nullPointMode":"null",
      "options":{
        "dataLinks":[

        ]
      },
      "percentage":false,
      "pointradius":5,
      "points":false,
      "renderer":"flot",
      "seriesOverrides":[

      ],
      "spaceLength":10,
      "stack":false,
      "steppedLine":false,
      "targets":[
        {
          "expr":"system_load_average_1m{instance=\"$instance\", application=\"$application\"}",
          "format":"time_series",
          "intervalFactor":1,
          "legendFormat":"Load Average [1m]",
          "refId":"A"
        },
        {
          "expr":"system_cpu_count{instance=\"$instance\", application=\"$application\"}",
          "format":"time_series",
          "intervalFactor":1,
          "legendFormat":"CPU Core Size",
          "refId":"B"
        }
      ],
      "thresholds":[

      ],
      "timeFrom":null,
      "timeRegions":[

      ],
      "timeShift":null,
      "title":"Load Average",
      "tooltip":{
        "shared":true,
        "sort":0,
        "value_type":"individual"
      },
      "type":"graph",
      "xaxis":{
        "buckets":null,
        "mode":"time",
        "name":null,
        "show":true,
        "values":[

        ]
      },
      "yaxes":[
        {
          "format":"short",
          "label":null,
          "logBase":1,
          "max":null,
          "min":null,
          "show":true
        },
        {
          "format":"short",
          "label":null,
          "logBase":1,
          "max":null,
          "min":null,
          "show":true
        }
      ],
      "yaxis":{
        "align":false,
        "alignLevel":null
      }
    },
    {
      "collapsed":false,
      "gridPos":{
        "h":1,
        "w":24,
        "x":0,
        "y":14
      },
      "id":48,
      "panels":[

      ],
      "title":"JVM Statistics - Memory",
      "type":"row"
    },
    {
      "aliasColors":{

      },
      "bars":false,
      "dashLength":10,
      "dashes":false,
      "datasource":"Prometheus",
      "fill":1,
      "fillGradient":0,
      "gridPos":{
        "h":8,
        "w":8,
        "x":0,
        "y":15
      },
      "id":85,
      "legend":{
        "alignAsTable":true,
        "avg":true,
        "current":true,
        "max":true,
        "min":true,
        "show":true,
        "total":false,
        "values":true
      },
      "lines":true,
      "linewidth":1,
      "links":[

      ],
      "nullPointMode":"null",
      "options":{
        "dataLinks":[

        ]
      },
      "percentage":false,
      "pointradius":5,
      "points":false,
      "renderer":"flot",
      "repeat":"memory_pool_heap",
      "repeatDirection":"h",
      "scopedVars":{
        "memory_pool_heap":{
          "selected":false,
          "text":"PS Eden Space",
          "value":"PS Eden Space"
        }
      },
      "seriesOverrides":[

      ],
      "spaceLength":10,
      "stack":false,
      "steppedLine":false,
      "targets":[
        {
          "expr":"jvm_memory_used_bytes{instance=\"$instance\", application=\"$application\", id=\"$memory_pool_heap\"}",
          "format":"time_series",
          "intervalFactor":1,
          "legendFormat":"Used",
          "refId":"C"
        },
        {
          "expr":"jvm_memory_committed_bytes{instance=\"$instance\", application=\"$application\", id=\"$memory_pool_heap\"}",
          "format":"time_series",
          "intervalFactor":1,
          "legendFormat":"Commited",
          "refId":"A"
        },
        {
          "expr":"jvm_memory_max_bytes{instance=\"$instance\", application=\"$application\", id=\"$memory_pool_heap\"}",
          "format":"time_series",
          "intervalFactor":1,
          "legendFormat":"Max",
          "refId":"B"
        }
      ],
      "thresholds":[

      ],
      "timeFrom":null,
      "timeRegions":[

      ],
      "timeShift":null,
      "title":"$memory_pool_heap (heap)",
      "tooltip":{
        "shared":true,
        "sort":0,
        "value_type":"individual"
      },
      "type":"graph",
      "xaxis":{
        "buckets":null,
        "mode":"time",
        "name":null,
        "show":true,
        "values":[

        ]
      },
      "yaxes":[
        {
          "format":"bytes",
          "label":null,
          "logBase":1,
          "max":null,
          "min":null,
          "show":true
        },
        {
          "format":"short",
          "label":null,
          "logBase":1,
          "max":null,
          "min":null,
          "show":true
        }
      ],
      "yaxis":{
        "align":false,
        "alignLevel":null
      }
    },
    {
      "aliasColors":{

      },
      "bars":false,
      "dashLength":10,
      "dashes":false,
      "datasource":"Prometheus",
      "fill":1,
      "fillGradient":0,
      "gridPos":{
        "h":8,
        "w":8,
        "x":8,
        "y":15
      },
      "id":97,
      "legend":{
        "alignAsTable":true,
        "avg":true,
        "current":true,
        "max":true,
        "min":true,
        "show":true,
        "total":false,
        "values":true
      },
      "lines":true,
      "linewidth":1,
      "links":[

      ],
      "nullPointMode":"null",
      "options":{
        "dataLinks":[

        ]
      },
      "percentage":false,
      "pointradius":5,
      "points":false,
      "renderer":"flot",
      "repeat":null,
      "repeatDirection":"h",
      "repeatIteration":1570519112090,
      "repeatPanelId":85,
      "scopedVars":{
        "memory_pool_heap":{
          "selected":false,
          "text":"PS Old Gen",
          "value":"PS Old Gen"
        }
      },
      "seriesOverrides":[

      ],
      "spaceLength":10,
      "stack":false,
      "steppedLine":false,
      "targets":[
        {
          "expr":"jvm_memory_used_bytes{instance=\"$instance\", application=\"$application\", id=\"$memory_pool_heap\"}",
          "format":"time_series",
          "intervalFactor":1,
          "legendFormat":"Used",
          "refId":"C"
        },
        {
          "expr":"jvm_memory_committed_bytes{instance=\"$instance\", application=\"$application\", id=\"$memory_pool_heap\"}",
          "format":"time_series",
          "intervalFactor":1,
          "legendFormat":"Commited",
          "refId":"A"
        },
        {
          "expr":"jvm_memory_max_bytes{instance=\"$instance\", application=\"$application\", id=\"$memory_pool_heap\"}",
          "format":"time_series",
          "intervalFactor":1,
          "legendFormat":"Max",
          "refId":"B"
        }
      ],
      "thresholds":[

      ],
      "timeFrom":null,
      "timeRegions":[

      ],
      "timeShift":null,
      "title":"$memory_pool_heap (heap)",
      "tooltip":{
        "shared":true,
        "sort":0,
        "value_type":"individual"
      },
      "type":"graph",
      "xaxis":{
        "buckets":null,
        "mode":"time",
        "name":null,
        "show":true,
        "values":[

        ]
      },
      "yaxes":[
        {
          "format":"bytes",
          "label":null,
          "logBase":1,
          "max":null,
          "min":null,
          "show":true
        },
        {
          "format":"short",
          "label":null,
          "logBase":1,
          "max":null,
          "min":null,
          "show":true
        }
      ],
      "yaxis":{
        "align":false,
        "alignLevel":null
      }
    },
    {
      "aliasColors":{

      },
      "bars":false,
      "dashLength":10,
      "dashes":false,
      "datasource":"Prometheus",
      "fill":1,
      "fillGradient":0,
      "gridPos":{
        "h":8,
        "w":8,
        "x":16,
        "y":15
      },
      "id":98,
      "legend":{
        "alignAsTable":true,
        "avg":true,
        "current":true,
        "max":true,
        "min":true,
        "show":true,
        "total":false,
        "values":true
      },
      "lines":true,
      "linewidth":1,
      "links":[

      ],
      "nullPointMode":"null",
      "options":{
        "dataLinks":[

        ]
      },
      "percentage":false,
      "pointradius":5,
      "points":false,
      "renderer":"flot",
      "repeat":null,
      "repeatDirection":"h",
      "repeatIteration":1570519112090,
      "repeatPanelId":85,
      "scopedVars":{
        "memory_pool_heap":{
          "selected":false,
          "text":"PS Survivor Space",
          "value":"PS Survivor Space"
        }
      },
      "seriesOverrides":[

      ],
      "spaceLength":10,
      "stack":false,
      "steppedLine":false,
      "targets":[
        {
          "expr":"jvm_memory_used_bytes{instance=\"$instance\", application=\"$application\", id=\"$memory_pool_heap\"}",
          "format":"time_series",
          "intervalFactor":1,
          "legendFormat":"Used",
          "refId":"C"
        },
        {
          "expr":"jvm_memory_committed_bytes{instance=\"$instance\", application=\"$application\", id=\"$memory_pool_heap\"}",
          "format":"time_series",
          "intervalFactor":1,
          "legendFormat":"Commited",
          "refId":"A"
        },
        {
          "expr":"jvm_memory_max_bytes{instance=\"$instance\", application=\"$application\", id=\"$memory_pool_heap\"}",
          "format":"time_series",
          "intervalFactor":1,
          "legendFormat":"Max",
          "refId":"B"
        }
      ],
      "thresholds":[

      ],
      "timeFrom":null,
      "timeRegions":[

      ],
      "timeShift":null,
      "title":"$memory_pool_heap (heap)",
      "tooltip":{
        "shared":true,
        "sort":0,
        "value_type":"individual"
      },
      "type":"graph",
      "xaxis":{
        "buckets":null,
        "mode":"time",
        "name":null,
        "show":true,
        "values":[

        ]
      },
      "yaxes":[
        {
          "format":"bytes",
          "label":null,
          "logBase":1,
          "max":null,
          "min":null,
          "show":true
        },
        {
          "format":"short",
          "label":null,
          "logBase":1,
          "max":null,
          "min":null,
          "show":true
        }
      ],
      "yaxis":{
        "align":false,
        "alignLevel":null
      }
    },
    {
      "aliasColors":{

      },
      "bars":false,
      "dashLength":10,
      "dashes":false,
      "datasource":"Prometheus",
      "fill":1,
      "fillGradient":0,
      "gridPos":{
        "h":8,
        "w":8,
        "x":0,
        "y":23
      },
      "id":88,
      "legend":{
        "alignAsTable":true,
        "avg":true,
        "current":true,
        "max":true,
        "min":true,
        "show":true,
        "total":false,
        "values":true
      },
      "lines":true,
      "linewidth":1,
      "links":[

      ],
      "nullPointMode":"null",
      "options":{
        "dataLinks":[

        ]
      },
      "percentage":false,
      "pointradius":5,
      "points":false,
      "renderer":"flot",
      "repeat":"memory_pool_nonheap",
      "repeatDirection":"h",
      "scopedVars":{
        "memory_pool_nonheap":{
          "selected":false,
          "text":"Code Cache",
          "value":"Code Cache"
        }
      },
      "seriesOverrides":[

      ],
      "spaceLength":10,
      "stack":false,
      "steppedLine":false,
      "targets":[
        {
          "expr":"jvm_memory_used_bytes{instance=\"$instance\", application=\"$application\", id=\"$memory_pool_nonheap\"}",
          "format":"time_series",
          "intervalFactor":1,
          "legendFormat":"Used",
          "refId":"C"
        },
        {
          "expr":"jvm_memory_committed_bytes{instance=\"$instance\", application=\"$application\", id=\"$memory_pool_nonheap\"}",
          "format":"time_series",
          "intervalFactor":1,
          "legendFormat":"Commited",
          "refId":"A"
        },
        {
          "expr":"jvm_memory_max_bytes{instance=\"$instance\", application=\"$application\", id=\"$memory_pool_nonheap\"}",
          "format":"time_series",
          "intervalFactor":1,
          "legendFormat":"Max",
          "refId":"B"
        }
      ],
      "thresholds":[

      ],
      "timeFrom":null,
      "timeRegions":[

      ],
      "timeShift":null,
      "title":"$memory_pool_nonheap (non-heap)",
      "tooltip":{
        "shared":true,
        "sort":0,
        "value_type":"individual"
      },
      "type":"graph",
      "xaxis":{
        "buckets":null,
        "mode":"time",
        "name":null,
        "show":true,
        "values":[

        ]
      },
      "yaxes":[
        {
          "format":"bytes",
          "label":null,
          "logBase":1,
          "max":null,
          "min":null,
          "show":true
        },
        {
          "format":"short",
          "label":null,
          "logBase":1,
          "max":null,
          "min":null,
          "show":true
        }
      ],
      "yaxis":{
        "align":false,
        "alignLevel":null
      }
    },
    {
      "aliasColors":{

      },
      "bars":false,
      "dashLength":10,
      "dashes":false,
      "datasource":"Prometheus",
      "fill":1,
      "fillGradient":0,
      "gridPos":{
        "h":8,
        "w":8,
        "x":8,
        "y":23
      },
      "id":80,
      "legend":{
        "avg":false,
        "current":false,
        "max":false,
        "min":false,
        "show":true,
        "total":false,
        "values":false
      },
      "lines":true,
      "linewidth":1,
      "links":[

      ],
      "nullPointMode":"null",
      "options":{
        "dataLinks":[

        ]
      },
      "percentage":false,
      "pointradius":5,
      "points":false,
      "renderer":"flot",
      "seriesOverrides":[

      ],
      "spaceLength":10,
      "stack":false,
      "steppedLine":false,
      "targets":[
        {
          "expr":"irate(jvm_classes_unloaded_classes_total{instance=\"$instance\", application=\"$application\"}[5m])",
          "format":"time_series",
          "intervalFactor":1,
          "legendFormat":"Classes Unloaded",
          "refId":"A"
        }
      ],
      "thresholds":[

      ],
      "timeFrom":null,
      "timeRegions":[

      ],
      "timeShift":null,
      "title":"Classes Unloaded",
      "tooltip":{
        "shared":true,
        "sort":0,
        "value_type":"individual"
      },
      "type":"graph",
      "xaxis":{
        "buckets":null,
        "mode":"time",
        "name":null,
        "show":true,
        "values":[

        ]
      },
      "yaxes":[
        {
          "format":"short",
          "label":null,
          "logBase":1,
          "max":null,
          "min":null,
          "show":true
        },
        {
          "format":"short",
          "label":null,
          "logBase":1,
          "max":null,
          "min":null,
          "show":true
        }
      ],
      "yaxis":{
        "align":false,
        "alignLevel":null
      }
    },
    {
      "aliasColors":{

      },
      "bars":false,
      "dashLength":10,
      "dashes":false,
      "datasource":"Prometheus",
      "fill":1,
      "fillGradient":0,
      "gridPos":{
        "h":8,
        "w":8,
        "x":16,
        "y":23
      },
      "id":100,
      "legend":{
        "alignAsTable":true,
        "avg":true,
        "current":true,
        "max":true,
        "min":true,
        "show":true,
        "total":false,
        "values":true
      },
      "lines":true,
      "linewidth":1,
      "links":[

      ],
      "nullPointMode":"null",
      "options":{
        "dataLinks":[

        ]
      },
      "percentage":false,
      "pointradius":5,
      "points":false,
      "renderer":"flot",
      "repeat":null,
      "repeatDirection":"h",
      "repeatIteration":1570519112090,
      "repeatPanelId":88,
      "scopedVars":{
        "memory_pool_nonheap":{
          "selected":false,
          "text":"Metaspace",
          "value":"Metaspace"
        }
      },
      "seriesOverrides":[

      ],
      "spaceLength":10,
      "stack":false,
      "steppedLine":false,
      "targets":[
        {
          "expr":"jvm_memory_used_bytes{instance=\"$instance\", application=\"$application\", id=\"$memory_pool_nonheap\"}",
          "format":"time_series",
          "intervalFactor":1,
          "legendFormat":"Used",
          "refId":"C"
        },
        {
          "expr":"jvm_memory_committed_bytes{instance=\"$instance\", application=\"$application\", id=\"$memory_pool_nonheap\"}",
          "format":"time_series",
          "intervalFactor":1,
          "legendFormat":"Commited",
          "refId":"A"
        },
        {
          "expr":"jvm_memory_max_bytes{instance=\"$instance\", application=\"$application\", id=\"$memory_pool_nonheap\"}",
          "format":"time_series",
          "intervalFactor":1,
          "legendFormat":"Max",
          "refId":"B"
        }
      ],
      "thresholds":[

      ],
      "timeFrom":null,
      "timeRegions":[

      ],
      "timeShift":null,
      "title":"$memory_pool_nonheap (non-heap)",
      "tooltip":{
        "shared":true,
        "sort":0,
        "value_type":"individual"
      },
      "type":"graph",
      "xaxis":{
        "buckets":null,
        "mode":"time",
        "name":null,
        "show":true,
        "values":[

        ]
      },
      "yaxes":[
        {
          "format":"bytes",
          "label":null,
          "logBase":1,
          "max":null,
          "min":null,
          "show":true
        },
        {
          "format":"short",
          "label":null,
          "logBase":1,
          "max":null,
          "min":null,
          "show":true
        }
      ],
      "yaxis":{
        "align":false,
        "alignLevel":null
      }
    },
    {
      "aliasColors":{

      },
      "bars":false,
      "dashLength":10,
      "dashes":false,
      "datasource":"Prometheus",
      "fill":1,
      "fillGradient":0,
      "gridPos":{
        "h":8,
        "w":8,
        "x":8,
        "y":31
      },
      "id":99,
      "legend":{
        "alignAsTable":true,
        "avg":true,
        "current":true,
        "max":true,
        "min":true,
        "show":true,
        "total":false,
        "values":true
      },
      "lines":true,
      "linewidth":1,
      "links":[

      ],
      "nullPointMode":"null",
      "options":{
        "dataLinks":[

        ]
      },
      "percentage":false,
      "pointradius":5,
      "points":false,
      "renderer":"flot",
      "repeat":null,
      "repeatDirection":"h",
      "repeatIteration":1570519112090,
      "repeatPanelId":88,
      "scopedVars":{
        "memory_pool_nonheap":{
          "selected":false,
          "text":"Compressed Class Space",
          "value":"Compressed Class Space"
        }
      },
      "seriesOverrides":[

      ],
      "spaceLength":10,
      "stack":false,
      "steppedLine":false,
      "targets":[
        {
          "expr":"jvm_memory_used_bytes{instance=\"$instance\", application=\"$application\", id=\"$memory_pool_nonheap\"}",
          "format":"time_series",
          "intervalFactor":1,
          "legendFormat":"Used",
          "refId":"C"
        },
        {
          "expr":"jvm_memory_committed_bytes{instance=\"$instance\", application=\"$application\", id=\"$memory_pool_nonheap\"}",
          "format":"time_series",
          "intervalFactor":1,
          "legendFormat":"Commited",
          "refId":"A"
        },
        {
          "expr":"jvm_memory_max_bytes{instance=\"$instance\", application=\"$application\", id=\"$memory_pool_nonheap\"}",
          "format":"time_series",
          "intervalFactor":1,
          "legendFormat":"Max",
          "refId":"B"
        }
      ],
      "thresholds":[

      ],
      "timeFrom":null,
      "timeRegions":[

      ],
      "timeShift":null,
      "title":"$memory_pool_nonheap (non-heap)",
      "tooltip":{
        "shared":true,
        "sort":0,
        "value_type":"individual"
      },
      "type":"graph",
      "xaxis":{
        "buckets":null,
        "mode":"time",
        "name":null,
        "show":true,
        "values":[

        ]
      },
      "yaxes":[
        {
          "format":"bytes",
          "label":null,
          "logBase":1,
          "max":null,
          "min":null,
          "show":true
        },
        {
          "format":"short",
          "label":null,
          "logBase":1,
          "max":null,
          "min":null,
          "show":true
        }
      ],
      "yaxis":{
        "align":false,
        "alignLevel":null
      }
    },
    {
      "aliasColors":{

      },
      "bars":false,
      "dashLength":10,
      "dashes":false,
      "datasource":"Prometheus",
      "decimals":0,
      "fill":1,
      "fillGradient":0,
      "gridPos":{
        "h":8,
        "w":12,
        "x":0,
        "y":39
      },
      "id":50,
      "legend":{
        "alignAsTable":true,
        "avg":true,
        "current":true,
        "max":true,
        "min":true,
        "show":true,
        "total":false,
        "values":true
      },
      "lines":true,
      "linewidth":1,
      "links":[

      ],
      "nullPointMode":"null",
      "options":{
        "dataLinks":[

        ]
      },
      "percentage":false,
      "pointradius":5,
      "points":false,
      "renderer":"flot",
      "seriesOverrides":[

      ],
      "spaceLength":10,
      "stack":false,
      "steppedLine":false,
      "targets":[
        {
          "expr":"jvm_classes_loaded_classes{instance=\"$instance\", application=\"$application\"}",
          "format":"time_series",
          "intervalFactor":1,
          "legendFormat":"Classes Loaded",
          "refId":"A"
        }
      ],
      "thresholds":[

      ],
      "timeFrom":null,
      "timeRegions":[

      ],
      "timeShift":null,
      "title":"Classes Loaded",
      "tooltip":{
        "shared":true,
        "sort":0,
        "value_type":"individual"
      },
      "type":"graph",
      "xaxis":{
        "buckets":null,
        "mode":"time",
        "name":null,
        "show":true,
        "values":[

        ]
      },
      "yaxes":[
        {
          "decimals":0,
          "format":"locale",
          "label":"",
          "logBase":1,
          "max":null,
          "min":null,
          "show":true
        },
        {
          "format":"short",
          "label":null,
          "logBase":1,
          "max":null,
          "min":null,
          "show":true
        }
      ],
      "yaxis":{
        "align":false,
        "alignLevel":null
      }
    },
    {
      "aliasColors":{

      },
      "bars":false,
      "dashLength":10,
      "dashes":false,
      "datasource":"Prometheus",
      "fill":1,
      "fillGradient":0,
      "gridPos":{
        "h":7,
        "w":12,
        "x":12,
        "y":39
      },
      "id":83,
      "legend":{
        "avg":false,
        "current":false,
        "max":false,
        "min":false,
        "show":true,
        "total":false,
        "values":false
      },
      "lines":true,
      "linewidth":1,
      "links":[

      ],
      "nullPointMode":"null",
      "options":{
        "dataLinks":[

        ]
      },
      "percentage":false,
      "pointradius":5,
      "points":false,
      "renderer":"flot",
      "seriesOverrides":[

      ],
      "spaceLength":10,
      "stack":false,
      "steppedLine":false,
      "targets":[
        {
          "expr":"jvm_buffer_memory_used_bytes{instance=\"$instance\", application=\"$application\", id=\"mapped\"}",
          "format":"time_series",
          "intervalFactor":1,
          "legendFormat":"Used Bytes",
          "refId":"A"
        },
        {
          "expr":"jvm_buffer_total_capacity_bytes{instance=\"$instance\", application=\"$application\", id=\"mapped\"}",
          "format":"time_series",
          "intervalFactor":1,
          "legendFormat":"Capacity Bytes",
          "refId":"B"
        }
      ],
      "thresholds":[

      ],
      "timeFrom":null,
      "timeRegions":[

      ],
      "timeShift":null,
      "title":"Mapped Buffers",
      "tooltip":{
        "shared":true,
        "sort":0,
        "value_type":"individual"
      },
      "type":"graph",
      "xaxis":{
        "buckets":null,
        "mode":"time",
        "name":null,
        "show":true,
        "values":[

        ]
      },
      "yaxes":[
        {
          "format":"short",
          "label":null,
          "logBase":1,
          "max":null,
          "min":null,
          "show":true
        },
        {
          "format":"short",
          "label":null,
          "logBase":1,
          "max":null,
          "min":null,
          "show":true
        }
      ],
      "yaxis":{
        "align":false,
        "alignLevel":null
      }
    },
    {
      "aliasColors":{

      },
      "bars":false,
      "dashLength":10,
      "dashes":false,
      "datasource":"Prometheus",
      "fill":1,
      "fillGradient":0,
      "gridPos":{
        "h":8,
        "w":12,
        "x":12,
        "y":46
      },
      "id":78,
      "legend":{
        "avg":false,
        "current":false,
        "max":false,
        "min":false,
        "show":true,
        "total":false,
        "values":false
      },
      "lines":true,
      "linewidth":1,
      "links":[

      ],
      "nullPointMode":"null",
      "options":{
        "dataLinks":[

        ]
      },
      "percentage":false,
      "pointradius":5,
      "points":false,
      "renderer":"flot",
      "seriesOverrides":[

      ],
      "spaceLength":10,
      "stack":false,
      "steppedLine":false,
      "targets":[
        {
          "expr":"irate(jvm_gc_memory_allocated_bytes_total{instance=\"$instance\", application=\"$application\"}[5m])",
          "format":"time_series",
          "intervalFactor":1,
          "legendFormat":"allocated",
          "refId":"A"
        },
        {
          "expr":"irate(jvm_gc_memory_promoted_bytes_total{instance=\"$instance\", application=\"$application\"}[5m])",
          "format":"time_series",
          "intervalFactor":1,
          "legendFormat":"promoted",
          "refId":"B"
        }
      ],
      "thresholds":[

      ],
      "timeFrom":null,
      "timeRegions":[

      ],
      "timeShift":null,
      "title":"Memory Allocate/Promote",
      "tooltip":{
        "shared":true,
        "sort":0,
        "value_type":"individual"
      },
      "type":"graph",
      "xaxis":{
        "buckets":null,
        "mode":"time",
        "name":null,
        "show":true,
        "values":[

        ]
      },
      "yaxes":[
        {
          "format":"bytes",
          "label":null,
          "logBase":1,
          "max":null,
          "min":null,
          "show":true
        },
        {
          "format":"short",
          "label":null,
          "logBase":1,
          "max":null,
          "min":null,
          "show":true
        }
      ],
      "yaxis":{
        "align":false,
        "alignLevel":null
      }
    },
    {
      "aliasColors":{

      },
      "bars":false,
      "dashLength":10,
      "dashes":false,
      "datasource":"Prometheus",
      "fill":1,
      "fillGradient":0,
      "gridPos":{
        "h":7,
        "w":12,
        "x":0,
        "y":47
      },
      "id":82,
      "legend":{
        "avg":false,
        "current":false,
        "max":false,
        "min":false,
        "show":true,
        "total":false,
        "values":false
      },
      "lines":true,
      "linewidth":1,
      "links":[

      ],
      "nullPointMode":"null",
      "options":{
        "dataLinks":[

        ]
      },
      "percentage":false,
      "pointradius":5,
      "points":false,
      "renderer":"flot",
      "seriesOverrides":[

      ],
      "spaceLength":10,
      "stack":false,
      "steppedLine":false,
      "targets":[
        {
          "expr":"jvm_buffer_memory_used_bytes{instance=\"$instance\", application=\"$application\", id=\"direct\"}",
          "format":"time_series",
          "intervalFactor":1,
          "legendFormat":"Used Bytes",
          "refId":"A"
        },
        {
          "expr":"jvm_buffer_total_capacity_bytes{instance=\"$instance\", application=\"$application\", id=\"direct\"}",
          "format":"time_series",
          "intervalFactor":1,
          "legendFormat":"Capacity Bytes",
          "refId":"B"
        }
      ],
      "thresholds":[

      ],
      "timeFrom":null,
      "timeRegions":[

      ],
      "timeShift":null,
      "title":"Direct Buffers",
      "tooltip":{
        "shared":true,
        "sort":0,
        "value_type":"individual"
      },
      "type":"graph",
      "xaxis":{
        "buckets":null,
        "mode":"time",
        "name":null,
        "show":true,
        "values":[

        ]
      },
      "yaxes":[
        {
          "format":"short",
          "label":null,
          "logBase":1,
          "max":null,
          "min":null,
          "show":true
        },
        {
          "format":"short",
          "label":null,
          "logBase":1,
          "max":null,
          "min":null,
          "show":true
        }
      ],
      "yaxis":{
        "align":false,
        "alignLevel":null
      }
    },
    {
      "aliasColors":{

      },
      "bars":false,
      "dashLength":10,
      "dashes":false,
      "datasource":"Prometheus",
      "fill":1,
      "fillGradient":0,
      "gridPos":{
        "h":8,
        "w":12,
        "x":0,
        "y":54
      },
      "id":68,
      "legend":{
        "alignAsTable":true,
        "avg":true,
        "current":true,
        "max":true,
        "min":true,
        "show":true,
        "total":false,
        "values":true
      },
      "lines":true,
      "linewidth":1,
      "links":[

      ],
      "nullPointMode":"null",
      "options":{
        "dataLinks":[

        ]
      },
      "percentage":false,
      "pointradius":5,
      "points":false,
      "renderer":"flot",
      "seriesOverrides":[

      ],
      "spaceLength":10,
      "stack":false,
      "steppedLine":false,
      "targets":[
        {
          "expr":"jvm_threads_daemon_threads{instance=\"$instance\", application=\"$application\"}",
          "format":"time_series",
          "intervalFactor":1,
          "legendFormat":"Daemon",
          "refId":"A"
        },
        {
          "expr":"jvm_threads_live_threads{instance=\"$instance\", application=\"$application\"}",
          "format":"time_series",
          "intervalFactor":1,
          "legendFormat":"Live",
          "refId":"B"
        },
        {
          "expr":"jvm_threads_peak_threads{instance=\"$instance\", application=\"$application\"}",
          "format":"time_series",
          "intervalFactor":1,
          "legendFormat":"Peak",
          "refId":"C"
        }
      ],
      "thresholds":[

      ],
      "timeFrom":null,
      "timeRegions":[

      ],
      "timeShift":null,
      "title":"Threads",
      "tooltip":{
        "shared":true,
        "sort":0,
        "value_type":"individual"
      },
      "type":"graph",
      "xaxis":{
        "buckets":null,
        "mode":"time",
        "name":null,
        "show":true,
        "values":[

        ]
      },
      "yaxes":[
        {
          "format":"short",
          "label":null,
          "logBase":1,
          "max":null,
          "min":null,
          "show":true
        },
        {
          "format":"short",
          "label":null,
          "logBase":1,
          "max":null,
          "min":null,
          "show":true
        }
      ],
      "yaxis":{
        "align":false,
        "alignLevel":null
      }
    },
    {
      "collapsed":false,
      "gridPos":{
        "h":1,
        "w":24,
        "x":0,
        "y":62
      },
      "id":72,
      "panels":[

      ],
      "title":"JVM Statistics - GC",
      "type":"row"
    },
    {
      "aliasColors":{

      },
      "bars":false,
      "dashLength":10,
      "dashes":false,
      "datasource":"Prometheus",
      "fill":1,
      "fillGradient":0,
      "gridPos":{
        "h":10,
        "w":12,
        "x":0,
        "y":63
      },
      "id":74,
      "legend":{
        "alignAsTable":true,
        "avg":true,
        "current":false,
        "hideEmpty":true,
        "hideZero":true,
        "max":true,
        "min":true,
        "show":true,
        "total":true,
        "values":true
      },
      "lines":true,
      "linewidth":1,
      "links":[

      ],
      "nullPointMode":"null",
      "options":{
        "dataLinks":[

        ]
      },
      "percentage":false,
      "pointradius":5,
      "points":false,
      "renderer":"flot",
      "seriesOverrides":[

      ],
      "spaceLength":10,
      "stack":false,
      "steppedLine":false,
      "targets":[
        {
          "expr":"irate(jvm_gc_pause_seconds_count{instance=\"$instance\", application=\"$application\"}[5m])",
          "format":"time_series",
          "intervalFactor":1,
          "legendFormat":"{{action}} [{{cause}}]",
          "refId":"A"
        }
      ],
      "thresholds":[

      ],
      "timeFrom":null,
      "timeRegions":[

      ],
      "timeShift":null,
      "title":"GC Count",
      "tooltip":{
        "shared":true,
        "sort":0,
        "value_type":"individual"
      },
      "type":"graph",
      "xaxis":{
        "buckets":null,
        "mode":"time",
        "name":null,
        "show":true,
        "values":[

        ]
      },
      "yaxes":[
        {
          "format":"locale",
          "label":null,
          "logBase":1,
          "max":null,
          "min":null,
          "show":true
        },
        {
          "format":"short",
          "label":null,
          "logBase":1,
          "max":null,
          "min":null,
          "show":true
        }
      ],
      "yaxis":{
        "align":false,
        "alignLevel":null
      }
    },
    {
      "aliasColors":{

      },
      "bars":false,
      "dashLength":10,
      "dashes":false,
      "datasource":"Prometheus",
      "fill":1,
      "fillGradient":0,
      "gridPos":{
        "h":10,
        "w":12,
        "x":12,
        "y":63
      },
      "id":76,
      "legend":{
        "alignAsTable":true,
        "avg":true,
        "current":false,
        "hideEmpty":true,
        "hideZero":true,
        "max":true,
        "min":true,
        "show":true,
        "total":true,
        "values":true
      },
      "lines":true,
      "linewidth":1,
      "links":[

      ],
      "nullPointMode":"null",
      "options":{
        "dataLinks":[

        ]
      },
      "percentage":false,
      "pointradius":5,
      "points":false,
      "renderer":"flot",
      "seriesOverrides":[

      ],
      "spaceLength":10,
      "stack":false,
      "steppedLine":false,
      "targets":[
        {
          "expr":"irate(jvm_gc_pause_seconds_sum{instance=\"$instance\", application=\"$application\"}[5m])",
          "format":"time_series",
          "intervalFactor":1,
          "legendFormat":"{{action}} [{{cause}}]",
          "refId":"A"
        }
      ],
      "thresholds":[

      ],
      "timeFrom":null,
      "timeRegions":[

      ],
      "timeShift":null,
      "title":"GC Stop the World Duration",
      "tooltip":{
        "shared":true,
        "sort":0,
        "value_type":"individual"
      },
      "type":"graph",
      "xaxis":{
        "buckets":null,
        "mode":"time",
        "name":null,
        "show":true,
        "values":[

        ]
      },
      "yaxes":[
        {
          "format":"s",
          "label":null,
          "logBase":1,
          "max":null,
          "min":null,
          "show":true
        },
        {
          "format":"short",
          "label":null,
          "logBase":1,
          "max":null,
          "min":null,
          "show":true
        }
      ],
      "yaxis":{
        "align":false,
        "alignLevel":null
      }
    },
    {
      "collapsed":false,
      "gridPos":{
        "h":1,
        "w":24,
        "x":0,
        "y":73
      },
      "id":34,
      "panels":[

      ],
      "title":"HikariCP Statistics",
      "type":"row"
    },
    {
      "cacheTimeout":null,
      "colorBackground":false,
      "colorValue":false,
      "colors":[
        "#299c46",
        "rgba(237, 129, 40, 0.89)",
        "#d44a3a"
      ],
      "datasource":"Prometheus",
      "format":"none",
      "gauge":{
        "maxValue":100,
        "minValue":0,
        "show":false,
        "thresholdLabels":false,
        "thresholdMarkers":true
      },
      "gridPos":{
        "h":4,
        "w":4,
        "x":0,
        "y":74
      },
      "id":44,
      "interval":null,
      "links":[

      ],
      "mappingType":1,
      "mappingTypes":[
        {
          "name":"value to text",
          "value":1
        },
        {
          "name":"range to text",
          "value":2
        }
      ],
      "maxDataPoints":100,
      "nullPointMode":"connected",
      "nullText":null,
      "options":{

      },
      "postfix":"",
      "postfixFontSize":"50%",
      "prefix":"",
      "prefixFontSize":"50%",
      "rangeMaps":[
        {
          "from":"null",
          "text":"N/A",
          "to":"null"
        }
      ],
      "sparkline":{
        "fillColor":"rgba(31, 118, 189, 0.18)",
        "full":false,
        "lineColor":"rgb(31, 120, 193)",
        "show":false
      },
      "tableColumn":"",
      "targets":[
        {
          "expr":"hikaricp_connections{instance=\"$instance\", application=\"$application\", pool=\"$hikaricp\"}",
          "format":"time_series",
          "intervalFactor":1,
          "legendFormat":"",
          "refId":"A"
        }
      ],
      "thresholds":"",
      "title":"Connections Size",
      "type":"singlestat",
      "valueFontSize":"80%",
      "valueMaps":[
        {
          "op":"=",
          "text":"N/A",
          "value":"null"
        }
      ],
      "valueName":"current"
    },
    {
      "aliasColors":{

      },
      "bars":false,
      "dashLength":10,
      "dashes":false,
      "datasource":"Prometheus",
      "fill":1,
      "fillGradient":0,
      "gridPos":{
        "h":8,
        "w":20,
        "x":4,
        "y":74
      },
      "id":36,
      "legend":{
        "alignAsTable":true,
        "avg":true,
        "current":true,
        "hideEmpty":true,
        "hideZero":false,
        "max":true,
        "min":true,
        "show":true,
        "total":false,
        "values":true
      },
      "lines":true,
      "linewidth":1,
      "links":[

      ],
      "nullPointMode":"null",
      "options":{
        "dataLinks":[

        ]
      },
      "percentage":false,
      "pointradius":5,
      "points":false,
      "renderer":"flot",
      "seriesOverrides":[

      ],
      "spaceLength":10,
      "stack":true,
      "steppedLine":false,
      "targets":[
        {
          "expr":"hikaricp_connections_active{instance=\"$instance\", application=\"$application\", pool=\"$hikaricp\"}",
          "format":"time_series",
          "intervalFactor":1,
          "legendFormat":"Active",
          "refId":"B"
        },
        {
          "expr":"hikaricp_connections_idle{instance=\"$instance\", application=\"$application\", pool=\"$hikaricp\"}",
          "format":"time_series",
          "intervalFactor":1,
          "legendFormat":"Idle",
          "refId":"A"
        },
        {
          "expr":"hikaricp_connections_pending{instance=\"$instance\", application=\"$application\", pool=\"$hikaricp\"}",
          "format":"time_series",
          "intervalFactor":1,
          "legendFormat":"Pending",
          "refId":"C"
        }
      ],
      "thresholds":[

      ],
      "timeFrom":null,
      "timeRegions":[

      ],
      "timeShift":null,
      "title":"Connections",
      "tooltip":{
        "shared":true,
        "sort":0,
        "value_type":"individual"
      },
      "type":"graph",
      "xaxis":{
        "buckets":null,
        "mode":"time",
        "name":null,
        "show":true,
        "values":[

        ]
      },
      "yaxes":[
        {
          "format":"short",
          "label":null,
          "logBase":1,
          "max":null,
          "min":null,
          "show":true
        },
        {
          "format":"short",
          "label":null,
          "logBase":1,
          "max":null,
          "min":null,
          "show":true
        }
      ],
      "yaxis":{
        "align":false,
        "alignLevel":null
      }
    },
    {
      "cacheTimeout":null,
      "colorBackground":false,
      "colorValue":false,
      "colors":[
        "#299c46",
        "rgba(237, 129, 40, 0.89)",
        "#d44a3a"
      ],
      "datasource":"Prometheus",
      "format":"none",
      "gauge":{
        "maxValue":100,
        "minValue":0,
        "show":false,
        "thresholdLabels":false,
        "thresholdMarkers":true
      },
      "gridPos":{
        "h":4,
        "w":4,
        "x":0,
        "y":78
      },
      "id":46,
      "interval":null,
      "links":[

      ],
      "mappingType":1,
      "mappingTypes":[
        {
          "name":"value to text",
          "value":1
        },
        {
          "name":"range to text",
          "value":2
        }
      ],
      "maxDataPoints":100,
      "nullPointMode":"connected",
      "nullText":null,
      "options":{

      },
      "postfix":"",
      "postfixFontSize":"50%",
      "prefix":"",
      "prefixFontSize":"50%",
      "rangeMaps":[
        {
          "from":"null",
          "text":"N/A",
          "to":"null"
        }
      ],
      "sparkline":{
        "fillColor":"rgba(31, 118, 189, 0.18)",
        "full":false,
        "lineColor":"rgb(31, 120, 193)",
        "show":false
      },
      "tableColumn":"",
      "targets":[
        {
          "expr":"hikaricp_connections_timeout_total{instance=\"$instance\", application=\"$application\", pool=\"$hikaricp\"}",
          "format":"time_series",
          "intervalFactor":1,
          "legendFormat":"",
          "refId":"A"
        }
      ],
      "thresholds":"",
      "title":"Connection Timeout Count",
      "type":"singlestat",
      "valueFontSize":"80%",
      "valueMaps":[
        {
          "op":"=",
          "text":"N/A",
          "value":"null"
        }
      ],
      "valueName":"current"
    },
    {
      "aliasColors":{

      },
      "bars":false,
      "dashLength":10,
      "dashes":false,
      "datasource":"Prometheus",
      "fill":1,
      "fillGradient":0,
      "gridPos":{
        "h":6,
        "w":8,
        "x":0,
        "y":82
      },
      "id":38,
      "legend":{
        "avg":false,
        "current":false,
        "max":false,
        "min":false,
        "show":true,
        "total":false,
        "values":false
      },
      "lines":true,
      "linewidth":1,
      "links":[

      ],
      "nullPointMode":"null",
      "options":{
        "dataLinks":[

        ]
      },
      "percentage":false,
      "pointradius":5,
      "points":false,
      "renderer":"flot",
      "seriesOverrides":[

      ],
      "spaceLength":10,
      "stack":false,
      "steppedLine":false,
      "targets":[
        {
          "expr":"hikaricp_connections_creation_seconds_sum{instance=\"$instance\", application=\"$application\", pool=\"$hikaricp\"} / hikaricp_connections_creation_seconds_count{instance=\"$instance\", application=\"$application\", pool=\"$hikaricp\"}",
          "format":"time_series",
          "intervalFactor":1,
          "legendFormat":"Creation Time",
          "refId":"A"
        }
      ],
      "thresholds":[

      ],
      "timeFrom":null,
      "timeRegions":[

      ],
      "timeShift":null,
      "title":"Connection Creation Time",
      "tooltip":{
        "shared":true,
        "sort":0,
        "value_type":"individual"
      },
      "type":"graph",
      "xaxis":{
        "buckets":null,
        "mode":"time",
        "name":null,
        "show":true,
        "values":[

        ]
      },
      "yaxes":[
        {
          "format":"s",
          "label":null,
          "logBase":1,
          "max":null,
          "min":null,
          "show":true
        },
        {
          "format":"short",
          "label":null,
          "logBase":1,
          "max":null,
          "min":null,
          "show":true
        }
      ],
      "yaxis":{
        "align":false,
        "alignLevel":null
      }
    },
    {
      "aliasColors":{

      },
      "bars":false,
      "dashLength":10,
      "dashes":false,
      "datasource":"Prometheus",
      "fill":1,
      "fillGradient":0,
      "gridPos":{
        "h":6,
        "w":8,
        "x":8,
        "y":82
      },
      "id":42,
      "legend":{
        "avg":false,
        "current":false,
        "max":false,
        "min":false,
        "show":true,
        "total":false,
        "values":false
      },
      "lines":true,
      "linewidth":1,
      "links":[

      ],
      "nullPointMode":"null",
      "options":{
        "dataLinks":[

        ]
      },
      "percentage":false,
      "pointradius":5,
      "points":false,
      "renderer":"flot",
      "seriesOverrides":[

      ],
      "spaceLength":10,
      "stack":false,
      "steppedLine":false,
      "targets":[
        {
          "expr":"hikaricp_connections_usage_seconds_sum{instance=\"$instance\", application=\"$application\", pool=\"$hikaricp\"} / hikaricp_connections_usage_seconds_count{instance=\"$instance\", application=\"$application\", pool=\"$hikaricp\"}",
          "format":"time_series",
          "intervalFactor":1,
          "legendFormat":"Usage Time",
          "refId":"A"
        }
      ],
      "thresholds":[

      ],
      "timeFrom":null,
      "timeRegions":[

      ],
      "timeShift":null,
      "title":"Connection Usage Time",
      "tooltip":{
        "shared":true,
        "sort":0,
        "value_type":"individual"
      },
      "type":"graph",
      "xaxis":{
        "buckets":null,
        "mode":"time",
        "name":null,
        "show":true,
        "values":[

        ]
      },
      "yaxes":[
        {
          "format":"s",
          "label":null,
          "logBase":1,
          "max":null,
          "min":null,
          "show":true
        },
        {
          "format":"short",
          "label":null,
          "logBase":1,
          "max":null,
          "min":null,
          "show":true
        }
      ],
      "yaxis":{
        "align":false,
        "alignLevel":null
      }
    },
    {
      "aliasColors":{

      },
      "bars":false,
      "dashLength":10,
      "dashes":false,
      "datasource":"Prometheus",
      "fill":1,
      "fillGradient":0,
      "gridPos":{
        "h":6,
        "w":8,
        "x":16,
        "y":82
      },
      "id":40,
      "legend":{
        "avg":false,
        "current":false,
        "max":false,
        "min":false,
        "show":true,
        "total":false,
        "values":false
      },
      "lines":true,
      "linewidth":1,
      "links":[

      ],
      "nullPointMode":"null",
      "options":{
        "dataLinks":[

        ]
      },
      "percentage":false,
      "pointradius":5,
      "points":false,
      "renderer":"flot",
      "seriesOverrides":[

      ],
      "spaceLength":10,
      "stack":false,
      "steppedLine":false,
      "targets":[
        {
          "expr":"hikaricp_connections_acquire_seconds_sum{instance=\"$instance\", application=\"$application\", pool=\"$hikaricp\"} / hikaricp_connections_acquire_seconds_count{instance=\"$instance\", application=\"$application\", pool=\"$hikaricp\"}",
          "format":"time_series",
          "intervalFactor":1,
          "legendFormat":"Acquire Time",
          "refId":"A"
        }
      ],
      "thresholds":[

      ],
      "timeFrom":null,
      "timeRegions":[

      ],
      "timeShift":null,
      "title":"Connection Acquire Time",
      "tooltip":{
        "shared":true,
        "sort":0,
        "value_type":"individual"
      },
      "type":"graph",
      "xaxis":{
        "buckets":null,
        "mode":"time",
        "name":null,
        "show":true,
        "values":[

        ]
      },
      "yaxes":[
        {
          "format":"s",
          "label":null,
          "logBase":1,
          "max":null,
          "min":null,
          "show":true
        },
        {
          "format":"short",
          "label":null,
          "logBase":1,
          "max":null,
          "min":null,
          "show":true
        }
      ],
      "yaxis":{
        "align":false,
        "alignLevel":null
      }
    },
    {
      "collapsed":false,
      "gridPos":{
        "h":1,
        "w":24,
        "x":0,
        "y":88
      },
      "id":18,
      "panels":[

      ],
      "title":"HTTP Statistics",
      "type":"row"
    },
    {
      "aliasColors":{

      },
      "bars":false,
      "dashLength":10,
      "dashes":false,
      "datasource":"Prometheus",
      "fill":1,
      "fillGradient":0,
      "gridPos":{
        "h":7,
        "w":24,
        "x":0,
        "y":89
      },
      "id":4,
      "legend":{
        "alignAsTable":true,
        "avg":false,
        "current":false,
        "max":false,
        "min":false,
        "rightSide":true,
        "show":true,
        "total":false,
        "values":false
      },
      "lines":true,
      "linewidth":1,
      "links":[

      ],
      "nullPointMode":"null",
      "options":{
        "dataLinks":[

        ]
      },
      "percentage":false,
      "pointradius":5,
      "points":false,
      "renderer":"flot",
      "seriesOverrides":[

      ],
      "spaceLength":10,
      "stack":false,
      "steppedLine":false,
      "targets":[
        {
          "expr":"irate(http_server_requests_seconds_count{instance=\"$instance\", application=\"$application\", uri!~\".*actuator.*\"}[5m])",
          "format":"time_series",
          "intervalFactor":1,
          "legendFormat":"{{method}} [{{status}}] - {{uri}}",
          "refId":"A"
        }
      ],
      "thresholds":[

      ],
      "timeFrom":null,
      "timeRegions":[

      ],
      "timeShift":null,
      "title":"Request Count",
      "tooltip":{
        "shared":true,
        "sort":0,
        "value_type":"individual"
      },
      "type":"graph",
      "xaxis":{
        "buckets":null,
        "mode":"time",
        "name":null,
        "show":true,
        "values":[

        ]
      },
      "yaxes":[
        {
          "decimals":null,
          "format":"none",
          "label":null,
          "logBase":1,
          "max":null,
          "min":null,
          "show":true
        },
        {
          "format":"short",
          "label":null,
          "logBase":1,
          "max":null,
          "min":null,
          "show":true
        }
      ],
      "yaxis":{
        "align":false,
        "alignLevel":null
      }
    },
    {
      "aliasColors":{

      },
      "bars":false,
      "dashLength":10,
      "dashes":false,
      "datasource":"Prometheus",
      "fill":1,
      "fillGradient":0,
      "gridPos":{
        "h":7,
        "w":24,
        "x":0,
        "y":96
      },
      "id":2,
      "legend":{
        "alignAsTable":true,
        "avg":true,
        "current":false,
        "max":true,
        "min":true,
        "rightSide":true,
        "show":true,
        "total":false,
        "values":true
      },
      "lines":true,
      "linewidth":1,
      "links":[

      ],
      "nullPointMode":"null",
      "options":{
        "dataLinks":[

        ]
      },
      "percentage":false,
      "pointradius":5,
      "points":false,
      "renderer":"flot",
      "seriesOverrides":[

      ],
      "spaceLength":10,
      "stack":false,
      "steppedLine":false,
      "targets":[
        {
          "expr":"irate(http_server_requests_seconds_sum{instance=\"$instance\", application=\"$application\", exception=\"None\", uri!~\".*actuator.*\"}[5m]) / irate(http_server_requests_seconds_count{instance=\"$instance\", application=\"$application\", exception=\"None\", uri!~\".*actuator.*\"}[5m])",
          "format":"time_series",
          "intervalFactor":1,
          "legendFormat":"{{method}} [{{status}}] - {{uri}}",
          "refId":"A"
        }
      ],
      "thresholds":[

      ],
      "timeFrom":null,
      "timeRegions":[

      ],
      "timeShift":null,
      "title":"Response Time",
      "tooltip":{
        "shared":true,
        "sort":0,
        "value_type":"individual"
      },
      "type":"graph",
      "xaxis":{
        "buckets":null,
        "mode":"time",
        "name":null,
        "show":true,
        "values":[

        ]
      },
      "yaxes":[
        {
          "format":"s",
          "label":"",
          "logBase":1,
          "max":null,
          "min":null,
          "show":true
        },
        {
          "format":"short",
          "label":null,
          "logBase":1,
          "max":null,
          "min":null,
          "show":true
        }
      ],
      "yaxis":{
        "align":false,
        "alignLevel":null
      }
    },
    {
      "collapsed":false,
      "gridPos":{
        "h":1,
        "w":24,
        "x":0,
        "y":103
      },
      "id":22,
      "panels":[

      ],
      "title":"Tomcat Statistics",
      "type":"row"
    },
    {
      "cacheTimeout":null,
      "colorBackground":false,
      "colorValue":false,
      "colors":[
        "#299c46",
        "rgba(237, 129, 40, 0.89)",
        "#d44a3a"
      ],
      "datasource":"Prometheus",
      "format":"locale",
      "gauge":{
        "maxValue":100,
        "minValue":0,
        "show":false,
        "thresholdLabels":false,
        "thresholdMarkers":true
      },
      "gridPos":{
        "h":4,
        "w":4,
        "x":0,
        "y":104
      },
      "id":28,
      "interval":null,
      "links":[

      ],
      "mappingType":1,
      "mappingTypes":[
        {
          "name":"value to text",
          "value":1
        },
        {
          "name":"range to text",
          "value":2
        }
      ],
      "maxDataPoints":100,
      "nullPointMode":"connected",
      "nullText":null,
      "options":{

      },
      "postfix":"",
      "postfixFontSize":"50%",
      "prefix":"",
      "prefixFontSize":"50%",
      "rangeMaps":[
        {
          "from":"null",
          "text":"N/A",
          "to":"null"
        }
      ],
      "sparkline":{
        "fillColor":"rgba(31, 118, 189, 0.18)",
        "full":false,
        "lineColor":"rgb(31, 120, 193)",
        "show":false
      },
      "tableColumn":"",
      "targets":[
        {
          "expr":"tomcat_global_error_total{instance=\"$instance\", application=\"$application\"}",
          "format":"time_series",
          "intervalFactor":1,
          "legendFormat":"",
          "refId":"A"
        }
      ],
      "thresholds":"",
      "title":"Total Error Count",
      "type":"singlestat",
      "valueFontSize":"80%",
      "valueMaps":[
        {
          "op":"=",
          "text":"N/A",
          "value":"null"
        }
      ],
      "valueName":"current"
    },
    {
      "aliasColors":{

      },
      "bars":false,
      "dashLength":10,
      "dashes":false,
      "datasource":"Prometheus",
      "decimals":0,
      "fill":1,
      "fillGradient":0,
      "gridPos":{
        "h":7,
        "w":9,
        "x":4,
        "y":104
      },
      "id":24,
      "legend":{
        "alignAsTable":true,
        "avg":true,
        "current":true,
        "max":true,
        "min":true,
        "show":true,
        "total":false,
        "values":true
      },
      "lines":true,
      "linewidth":1,
      "links":[

      ],
      "nullPointMode":"null",
      "options":{
        "dataLinks":[

        ]
      },
      "percentage":false,
      "pointradius":5,
      "points":false,
      "renderer":"flot",
      "seriesOverrides":[

      ],
      "spaceLength":10,
      "stack":false,
      "steppedLine":false,
      "targets":[
        {
          "expr":"tomcat_sessions_active_current_sessions{instance=\"$instance\", application=\"$application\"}",
          "format":"time_series",
          "intervalFactor":1,
          "legendFormat":"active sessions",
          "refId":"A"
        }
      ],
      "thresholds":[

      ],
      "timeFrom":null,
      "timeRegions":[

      ],
      "timeShift":null,
      "title":"Active Sessions",
      "tooltip":{
        "shared":true,
        "sort":0,
        "value_type":"individual"
      },
      "type":"graph",
      "xaxis":{
        "buckets":null,
        "mode":"time",
        "name":null,
        "show":true,
        "values":[

        ]
      },
      "yaxes":[
        {
          "decimals":null,
          "format":"none",
          "label":"",
          "logBase":1,
          "max":null,
          "min":null,
          "show":true
        },
        {
          "decimals":null,
          "format":"short",
          "label":null,
          "logBase":1,
          "max":null,
          "min":null,
          "show":true
        }
      ],
      "yaxis":{
        "align":false,
        "alignLevel":null
      }
    },
    {
      "aliasColors":{

      },
      "bars":false,
      "dashLength":10,
      "dashes":false,
      "datasource":"Prometheus",
      "fill":1,
      "fillGradient":0,
      "gridPos":{
        "h":7,
        "w":11,
        "x":13,
        "y":104
      },
      "id":26,
      "legend":{
        "alignAsTable":true,
        "avg":true,
        "current":true,
        "max":true,
        "min":true,
        "show":true,
        "total":false,
        "values":true
      },
      "lines":true,
      "linewidth":1,
      "links":[

      ],
      "nullPointMode":"null",
      "options":{
        "dataLinks":[

        ]
      },
      "percentage":false,
      "pointradius":5,
      "points":false,
      "renderer":"flot",
      "seriesOverrides":[

      ],
      "spaceLength":10,
      "stack":false,
      "steppedLine":false,
      "targets":[
        {
          "expr":"irate(tomcat_global_sent_bytes_total{instance=\"$instance\", application=\"$application\"}[5m])",
          "format":"time_series",
          "intervalFactor":1,
          "legendFormat":"Sent Bytes",
          "refId":"A"
        },
        {
          "expr":"irate(tomcat_global_received_bytes_total{instance=\"$instance\", application=\"$application\"}[5m])",
          "format":"time_series",
          "intervalFactor":1,
          "legendFormat":"Recieved Bytes",
          "refId":"B"
        }
      ],
      "thresholds":[

      ],
      "timeFrom":null,
      "timeRegions":[

      ],
      "timeShift":null,
      "title":"Sent & Recieved Bytes",
      "tooltip":{
        "shared":true,
        "sort":0,
        "value_type":"individual"
      },
      "type":"graph",
      "xaxis":{
        "buckets":null,
        "mode":"time",
        "name":null,
        "show":true,
        "values":[

        ]
      },
      "yaxes":[
        {
          "format":"bytes",
          "label":null,
          "logBase":1,
          "max":null,
          "min":null,
          "show":true
        },
        {
          "format":"short",
          "label":null,
          "logBase":1,
          "max":null,
          "min":null,
          "show":true
        }
      ],
      "yaxis":{
        "align":false,
        "alignLevel":null
      }
    },
    {
      "cacheTimeout":null,
      "colorBackground":false,
      "colorValue":false,
      "colors":[
        "#299c46",
        "rgba(237, 129, 40, 0.89)",
        "#d44a3a"
      ],
      "datasource":"Prometheus",
      "format":"locale",
      "gauge":{
        "maxValue":100,
        "minValue":0,
        "show":false,
        "thresholdLabels":false,
        "thresholdMarkers":true
      },
      "gridPos":{
        "h":3,
        "w":4,
        "x":0,
        "y":108
      },
      "id":32,
      "interval":null,
      "links":[

      ],
      "mappingType":1,
      "mappingTypes":[
        {
          "name":"value to text",
          "value":1
        },
        {
          "name":"range to text",
          "value":2
        }
      ],
      "maxDataPoints":100,
      "nullPointMode":"connected",
      "nullText":null,
      "options":{

      },
      "postfix":"",
      "postfixFontSize":"50%",
      "prefix":"",
      "prefixFontSize":"50%",
      "rangeMaps":[
        {
          "from":"null",
          "text":"N/A",
          "to":"null"
        }
      ],
      "sparkline":{
        "fillColor":"rgba(31, 118, 189, 0.18)",
        "full":false,
        "lineColor":"rgb(31, 120, 193)",
        "show":false
      },
      "tableColumn":"",
      "targets":[
        {
          "expr":"tomcat_threads_config_max{instance=\"$instance\", application=\"$application\"}",
          "format":"time_series",
          "intervalFactor":1,
          "legendFormat":"",
          "refId":"A"
        }
      ],
      "thresholds":"",
      "title":"Thread Config Max",
      "type":"singlestat",
      "valueFontSize":"80%",
      "valueMaps":[
        {
          "op":"=",
          "text":"N/A",
          "value":"null"
        }
      ],
      "valueName":"current"
    },
    {
      "aliasColors":{

      },
      "bars":false,
      "dashLength":10,
      "dashes":false,
      "datasource":"Prometheus",
      "fill":1,
      "fillGradient":0,
      "gridPos":{
        "h":7,
        "w":13,
        "x":0,
        "y":111
      },
      "id":30,
      "legend":{
        "alignAsTable":true,
        "avg":true,
        "current":true,
        "max":true,
        "min":true,
        "show":true,
        "total":false,
        "values":true
      },
      "lines":true,
      "linewidth":1,
      "links":[

      ],
      "nullPointMode":"null",
      "options":{
        "dataLinks":[

        ]
      },
      "percentage":false,
      "pointradius":5,
      "points":false,
      "renderer":"flot",
      "seriesOverrides":[

      ],
      "spaceLength":10,
      "stack":false,
      "steppedLine":false,
      "targets":[
        {
          "expr":"tomcat_threads_current_threads{instance=\"$instance\", application=\"$application\"}",
          "format":"time_series",
          "intervalFactor":1,
          "legendFormat":"Current thread",
          "refId":"A"
        },
        {
          "expr":"tomcat_threads_busy_threads{instance=\"$instance\", application=\"$application\"}",
          "format":"time_series",
          "intervalFactor":1,
          "legendFormat":"Current thread busy",
          "refId":"B"
        }
      ],
      "thresholds":[

      ],
      "timeFrom":null,
      "timeRegions":[

      ],
      "timeShift":null,
      "title":"Threads",
      "tooltip":{
        "shared":true,
        "sort":0,
        "value_type":"individual"
      },
      "type":"graph",
      "xaxis":{
        "buckets":null,
        "mode":"time",
        "name":null,
        "show":true,
        "values":[

        ]
      },
      "yaxes":[
        {
          "format":"short",
          "label":null,
          "logBase":1,
          "max":null,
          "min":null,
          "show":true
        },
        {
          "format":"short",
          "label":null,
          "logBase":1,
          "max":null,
          "min":null,
          "show":true
        }
      ],
      "yaxis":{
        "align":false,
        "alignLevel":null
      }
    },
    {
      "collapsed":false,
      "gridPos":{
        "h":1,
        "w":24,
        "x":0,
        "y":118
      },
      "id":8,
      "panels":[

      ],
      "title":"Logback Statistics",
      "type":"row"
    },
    {
      "aliasColors":{

      },
      "bars":false,
      "dashLength":10,
      "dashes":false,
      "datasource":"Prometheus",
      "fill":1,
      "fillGradient":0,
      "gridPos":{
        "h":7,
        "w":12,
        "x":0,
        "y":119
      },
      "id":6,
      "legend":{
        "alignAsTable":true,
        "avg":true,
        "current":true,
        "max":true,
        "min":true,
        "show":true,
        "total":true,
        "values":true
      },
      "lines":true,
      "linewidth":1,
      "links":[

      ],
      "nullPointMode":"null",
      "options":{
        "dataLinks":[

        ]
      },
      "percentage":false,
      "pointradius":5,
      "points":false,
      "renderer":"flot",
      "seriesOverrides":[

      ],
      "spaceLength":10,
      "stack":false,
      "steppedLine":false,
      "targets":[
        {
          "alias":"",
          "expr":"irate(logback_events_total{instance=\"$instance\", application=\"$application\", level=\"info\"}[5m])",
          "format":"time_series",
          "intervalFactor":1,
          "legendFormat":"info",
          "rawSql":"SELECT\n  $__time(time_column),\n  value1\nFROM\n  metric_table\nWHERE\n  $__timeFilter(time_column)\n",
          "refId":"A"
        }
      ],
      "thresholds":[

      ],
      "timeFrom":null,
      "timeRegions":[

      ],
      "timeShift":null,
      "title":"INFO logs",
      "tooltip":{
        "shared":true,
        "sort":0,
        "value_type":"individual"
      },
      "type":"graph",
      "xaxis":{
        "buckets":null,
        "mode":"time",
        "name":null,
        "show":true,
        "values":[

        ]
      },
      "yaxes":[
        {
          "format":"none",
          "label":null,
          "logBase":1,
          "max":null,
          "min":null,
          "show":true
        },
        {
          "format":"short",
          "label":null,
          "logBase":1,
          "max":null,
          "min":null,
          "show":true
        }
      ],
      "yaxis":{
        "align":false,
        "alignLevel":null
      }
    },
    {
      "aliasColors":{

      },
      "bars":false,
      "dashLength":10,
      "dashes":false,
      "datasource":"Prometheus",
      "fill":1,
      "fillGradient":0,
      "gridPos":{
        "h":7,
        "w":12,
        "x":12,
        "y":119
      },
      "id":10,
      "legend":{
        "alignAsTable":true,
        "avg":true,
        "current":true,
        "max":true,
        "min":true,
        "show":true,
        "total":true,
        "values":true
      },
      "lines":true,
      "linewidth":1,
      "links":[

      ],
      "nullPointMode":"null",
      "options":{
        "dataLinks":[

        ]
      },
      "percentage":false,
      "pointradius":5,
      "points":false,
      "renderer":"flot",
      "seriesOverrides":[

      ],
      "spaceLength":10,
      "stack":false,
      "steppedLine":false,
      "targets":[
        {
          "alias":"",
          "expr":"irate(logback_events_total{instance=\"$instance\", application=\"$application\", level=\"error\"}[5m])",
          "format":"time_series",
          "intervalFactor":1,
          "legendFormat":"error",
          "rawSql":"SELECT\n  $__time(time_column),\n  value1\nFROM\n  metric_table\nWHERE\n  $__timeFilter(time_column)\n",
          "refId":"A"
        }
      ],
      "thresholds":[

      ],
      "timeFrom":null,
      "timeRegions":[

      ],
      "timeShift":null,
      "title":"ERROR logs",
      "tooltip":{
        "shared":true,
        "sort":0,
        "value_type":"individual"
      },
      "type":"graph",
      "xaxis":{
        "buckets":null,
        "mode":"time",
        "name":null,
        "show":true,
        "values":[

        ]
      },
      "yaxes":[
        {
          "format":"none",
          "label":null,
          "logBase":1,
          "max":null,
          "min":null,
          "show":true
        },
        {
          "format":"short",
          "label":null,
          "logBase":1,
          "max":null,
          "min":null,
          "show":true
        }
      ],
      "yaxis":{
        "align":false,
        "alignLevel":null
      }
    },
    {
      "aliasColors":{

      },
      "bars":false,
      "dashLength":10,
      "dashes":false,
      "datasource":"Prometheus",
      "fill":1,
      "fillGradient":0,
      "gridPos":{
        "h":7,
        "w":8,
        "x":0,
        "y":126
      },
      "id":14,
      "legend":{
        "alignAsTable":true,
        "avg":true,
        "current":true,
        "max":true,
        "min":true,
        "show":true,
        "total":true,
        "values":true
      },
      "lines":true,
      "linewidth":1,
      "links":[

      ],
      "nullPointMode":"null",
      "options":{
        "dataLinks":[

        ]
      },
      "percentage":false,
      "pointradius":5,
      "points":false,
      "renderer":"flot",
      "seriesOverrides":[

      ],
      "spaceLength":10,
      "stack":false,
      "steppedLine":false,
      "targets":[
        {
          "alias":"",
          "expr":"irate(logback_events_total{instance=\"$instance\", application=\"$application\", level=\"warn\"}[5m])",
          "format":"time_series",
          "intervalFactor":1,
          "legendFormat":"warn",
          "rawSql":"SELECT\n  $__time(time_column),\n  value1\nFROM\n  metric_table\nWHERE\n  $__timeFilter(time_column)\n",
          "refId":"A"
        }
      ],
      "thresholds":[

      ],
      "timeFrom":null,
      "timeRegions":[

      ],
      "timeShift":null,
      "title":"WARN logs",
      "tooltip":{
        "shared":true,
        "sort":0,
        "value_type":"individual"
      },
      "type":"graph",
      "xaxis":{
        "buckets":null,
        "mode":"time",
        "name":null,
        "show":true,
        "values":[

        ]
      },
      "yaxes":[
        {
          "format":"none",
          "label":null,
          "logBase":1,
          "max":null,
          "min":null,
          "show":true
        },
        {
          "format":"short",
          "label":null,
          "logBase":1,
          "max":null,
          "min":null,
          "show":true
        }
      ],
      "yaxis":{
        "align":false,
        "alignLevel":null
      }
    },
    {
      "aliasColors":{

      },
      "bars":false,
      "dashLength":10,
      "dashes":false,
      "datasource":"Prometheus",
      "fill":1,
      "fillGradient":0,
      "gridPos":{
        "h":7,
        "w":8,
        "x":8,
        "y":126
      },
      "id":16,
      "legend":{
        "alignAsTable":true,
        "avg":true,
        "current":true,
        "max":true,
        "min":true,
        "show":true,
        "total":true,
        "values":true
      },
      "lines":true,
      "linewidth":1,
      "links":[

      ],
      "nullPointMode":"null",
      "options":{
        "dataLinks":[

        ]
      },
      "percentage":false,
      "pointradius":5,
      "points":false,
      "renderer":"flot",
      "seriesOverrides":[

      ],
      "spaceLength":10,
      "stack":false,
      "steppedLine":false,
      "targets":[
        {
          "alias":"",
          "expr":"irate(logback_events_total{instance=\"$instance\", application=\"$application\", level=\"debug\"}[5m])",
          "format":"time_series",
          "intervalFactor":1,
          "legendFormat":"debug",
          "rawSql":"SELECT\n  $__time(time_column),\n  value1\nFROM\n  metric_table\nWHERE\n  $__timeFilter(time_column)\n",
          "refId":"A"
        }
      ],
      "thresholds":[

      ],
      "timeFrom":null,
      "timeRegions":[

      ],
      "timeShift":null,
      "title":"DEBUG logs",
      "tooltip":{
        "shared":true,
        "sort":0,
        "value_type":"individual"
      },
      "type":"graph",
      "xaxis":{
        "buckets":null,
        "mode":"time",
        "name":null,
        "show":true,
        "values":[

        ]
      },
      "yaxes":[
        {
          "format":"none",
          "label":null,
          "logBase":1,
          "max":null,
          "min":null,
          "show":true
        },
        {
          "format":"short",
          "label":null,
          "logBase":1,
          "max":null,
          "min":null,
          "show":true
        }
      ],
      "yaxis":{
        "align":false,
        "alignLevel":null
      }
    },
    {
      "aliasColors":{

      },
      "bars":false,
      "dashLength":10,
      "dashes":false,
      "datasource":"Prometheus",
      "fill":1,
      "fillGradient":0,
      "gridPos":{
        "h":7,
        "w":8,
        "x":16,
        "y":126
      },
      "id":20,
      "legend":{
        "alignAsTable":true,
        "avg":true,
        "current":true,
        "max":true,
        "min":true,
        "show":true,
        "total":true,
        "values":true
      },
      "lines":true,
      "linewidth":1,
      "links":[

      ],
      "nullPointMode":"null",
      "options":{
        "dataLinks":[

        ]
      },
      "percentage":false,
      "pointradius":5,
      "points":false,
      "renderer":"flot",
      "seriesOverrides":[

      ],
      "spaceLength":10,
      "stack":false,
      "steppedLine":false,
      "targets":[
        {
          "alias":"",
          "expr":"irate(logback_events_total{instance=\"$instance\", application=\"$application\", level=\"trace\"}[5m])",
          "format":"time_series",
          "intervalFactor":1,
          "legendFormat":"trace",
          "rawSql":"SELECT\n  $__time(time_column),\n  value1\nFROM\n  metric_table\nWHERE\n  $__timeFilter(time_column)\n",
          "refId":"A"
        }
      ],
      "thresholds":[

      ],
      "timeFrom":null,
      "timeRegions":[

      ],
      "timeShift":null,
      "title":"TRACE logs",
      "tooltip":{
        "shared":true,
        "sort":0,
        "value_type":"individual"
      },
      "type":"graph",
      "xaxis":{
        "buckets":null,
        "mode":"time",
        "name":null,
        "show":true,
        "values":[

        ]
      },
      "yaxes":[
        {
          "format":"none",
          "label":null,
          "logBase":1,
          "max":null,
          "min":null,
          "show":true
        },
        {
          "format":"short",
          "label":null,
          "logBase":1,
          "max":null,
          "min":null,
          "show":true
        }
      ],
      "yaxis":{
        "align":false,
        "alignLevel":null
      }
    }
  ],
  "refresh":false,
  "schemaVersion":19,
  "style":"dark",
  "tags":[

  ],
  "templating":{
    "list":[
      {
        "allValue":null,
        "current":{
          "isNone":true,
          "text":"None",
          "value":""
        },
        "datasource":"Prometheus",
        "definition":"label_values(application)",
        "hide":0,
        "includeAll":false,
        "label":"Application",
        "multi":false,
        "name":"application",
        "options":[

        ],
        "query":"label_values(application)",
        "refresh":1,
        "regex":"",
        "skipUrlSync":false,
        "sort":1,
        "tagValuesQuery":"",
        "tags":[

        ],
        "tagsQuery":"",
        "type":"query",
        "useTags":false
      },
      {
        "allValue":null,
        "current":{
          "tags":[

          ],
          "text":"172.18.0.8:8765",
          "value":"172.18.0.8:8765"
        },
        "datasource":"Prometheus",
        "definition":"label_values(jvm_classes_loaded_classes{application=\"$application\"}, instance)",
        "hide":0,
        "includeAll":false,
        "label":"Instance",
        "multi":false,
        "name":"instance",
        "options":[

        ],
        "query":"label_values(jvm_classes_loaded_classes{application=\"$application\"}, instance)",
        "refresh":1,
        "regex":"",
        "skipUrlSync":false,
        "sort":1,
        "tagValuesQuery":"",
        "tags":[

        ],
        "tagsQuery":"",
        "type":"query",
        "useTags":false
      },
      {
        "allValue":null,
        "current":{
          "isNone":true,
          "text":"None",
          "value":""
        },
        "datasource":"Prometheus",
        "definition":"",
        "hide":0,
        "includeAll":false,
        "label":"HikariCP-Pool",
        "multi":false,
        "name":"hikaricp",
        "options":[

        ],
        "query":"label_values(hikaricp_connections{instance=\"$instance\", application=\"$application\"}, pool)",
        "refresh":1,
        "regex":"",
        "skipUrlSync":false,
        "sort":1,
        "tagValuesQuery":"",
        "tags":[

        ],
        "tagsQuery":"",
        "type":"query",
        "useTags":false
      },
      {
        "allValue":null,
        "current":{
          "text":"All",
          "value":"$__all"
        },
        "datasource":"Prometheus",
        "definition":"",
        "hide":0,
        "includeAll":true,
        "label":"Memory Pool (heap)",
        "multi":false,
        "name":"memory_pool_heap",
        "options":[

        ],
        "query":"label_values(jvm_memory_used_bytes{application=\"$application\", instance=\"$instance\", area=\"heap\"},id)",
        "refresh":1,
        "regex":"",
        "skipUrlSync":false,
        "sort":1,
        "tagValuesQuery":"",
        "tags":[

        ],
        "tagsQuery":"",
        "type":"query",
        "useTags":false
      },
      {
        "allValue":null,
        "current":{
          "text":"All",
          "value":"$__all"
        },
        "datasource":"Prometheus",
        "definition":"",
        "hide":0,
        "includeAll":true,
        "label":"Memory Pool (nonheap)",
        "multi":false,
        "name":"memory_pool_nonheap",
        "options":[

        ],
        "query":"label_values(jvm_memory_used_bytes{application=\"$application\", instance=\"$instance\", area=\"nonheap\"},id)",
        "refresh":1,
        "regex":"",
        "skipUrlSync":false,
        "sort":1,
        "tagValuesQuery":"",
        "tags":[

        ],
        "tagsQuery":"",
        "type":"query",
        "useTags":false
      }
    ]
  },
  "time":{
    "from":"now-1h",
    "to":"now"
  },
  "timepicker":{
    "refresh_intervals":[
      "5s",
      "10s",
      "30s",
      "1m",
      "5m",
      "15m",
      "30m",
      "1h",
      "2h",
      "1d"
    ],
    "time_options":[
      "5m",
      "15m",
      "1h",
      "6h",
      "12h",
      "24h",
      "2d",
      "7d",
      "30d"
    ]
  },
  "timezone":"",
  "title":"Bookstore Services Metrics",
  "uid":"spring_boot_21",
  "version":4
}