<?xml version="1.0" encoding="UTF-8"?>
<configuration>

    <springProperty name="SpringAppName" source="spring.application.name"/>
    <property name="LogFileName" value="Logs/BillingServiceLog"/>
    <property name="CONSOLE_LOG_PATTERN"
              value="[%d{yyyy-MM-dd HH:mm:ss z}] %p [Service Name -> ${SpringAppName}], [TraceId -> %X{X-B3-TraceId:-}], [SpanId -> %X{X-B3-SpanId:-}] \n      &lt;%t&gt; %logger : %m%n"/>

    <appender name="FILE" class="ch.qos.logback.core.rolling.RollingFileAppender">
        <rollingPolicy class="ch.qos.logback.core.rolling.TimeBasedRollingPolicy">
            <fileNamePattern>${LogFileName}.%d{yyyy-MM-dd}.log
            </fileNamePattern>
            <maxHistory>7</maxHistory>
        </rollingPolicy>
        <encoder>
            <pattern>${CONSOLE_LOG_PATTERN}</pattern>
        </encoder>
    </appender>

    <appender name="CONSOLE" class="ch.qos.logback.core.ConsoleAppender">
        <layout class="ch.qos.logback.classic.PatternLayout">
            <pattern>${CONSOLE_LOG_PATTERN}</pattern>
        </layout>
    </appender>

    <!-- Appender to log to file in a JSON format -->
    <appender name="JSONLOG" class="ch.qos.logback.core.rolling.RollingFileAppender">
        <rollingPolicy class="ch.qos.logback.core.rolling.TimeBasedRollingPolicy">
            <fileNamePattern>${LogFileName}.%d{yyyy-MM-dd}.json.gz</fileNamePattern>
            <maxHistory>7</maxHistory>
        </rollingPolicy>
        <encoder class="net.logstash.logback.encoder.LoggingEventCompositeJsonEncoder">
            <providers>
                <timestamp>
                    <timeZone>UTC</timeZone>
                </timestamp>
                <pattern>
                    <pattern>
                        {
                        "severity": "%level",
                        "service": "${SpringAppName:-}",
                        "trace": "%X{X-B3-TraceId:-}",
                        "span": "%X{X-B3-SpanId:-}",
                        "parent": "%X{X-B3-ParentSpanId:-}",
                        "exportable": "%X{X-Span-Export:-}",
                        "pid": "${PID:-}",
                        "thread": "%thread",
                        "class": "%logger{40}",
                        "rest": "%message"
                        }
                    </pattern>
                </pattern>
            </providers>
        </encoder>
    </appender>


    <root level="INFO">
        <appender-ref ref="FILE"/>
        <appender-ref ref="CONSOLE"/>
        <appender-ref ref="JSONLOG"/>
    </root>

</configuration>
